crm_id,account_name,billing_street,billing_city,billing_zip,industry
CRM-00001,Manufacturing Marlow N.V.,Mapke 530,Rotterdam,3011 CE,unknown
CRM-00002,Wexford Software Holidngs LLC,3267 Bahynhofstrasse Ln,Reno,89501,unknown
CRM-00003,Cedarbrook Automotive Group Company,116 Lincoln Ln,Boise,,unknown
CRM-00004,Foxhollow Freight Holdings NV,Elm 8795,Brussels,1000,unknown
CRM-00005,COASTAL PLUMBING LLC,5935 Prinsengracht Ave,Wichita,,unknown
CRM-00006,Esatbrook Bakery Group Inc.,3824 Elm Blvd,,27601,unknown
CRM-00007,Fairmont Foods Group,3442 Park Ln,Spokane,99201,unknown
CRM-00008,Foxhollow Auto Repair Holdings,Lincln 4020,Eindhoven,,unknown
CRM-00009,Delacroix Materials Corporation,926 Msin Ct,Denver,,unknown
CRM-00010,Brookhaven Freight Holdings BV,Franklin 9302,Munich,80331,unknown
CRM-00011,Brookhaven Auto Repair Group,Washington 4349,Munich,,unknown
CRM-00012,Mralow Freight Ltd.,Pirnsengracht 7029,Brussels,1000,unknown
CRM-00013,Marlow Freight,Prinsengracht 7029,Brussels,1000,unknown
CRM-00014,Harborview Pharma Group Inc.,781 Elm Ave,Spokane,99201,unknown
CRM-00015,AMBERFIELD SOFTWARE HOLDINGS CORP.,6262 Kerkstraat Blvd,Reno,89501,unknown
CRM-00016,Holdings Delacroix Landscaping Co.,1886 Mill Ct,Raleigh,27601,unknown
CRM-00017,Anchor Phatma Holdings Ltd.,Bahnhofstrasse 1753,Hamburg,20095,unknown
CRM-00018,Wexford Software Holdings,Lincoln 6136,Leiden,2311 GJ,unknown
CRM-00019,Wexford Software Holdings,Lincoln 6136,Leiden,2311 GJ,unknown
CRM-00020,Hollowell Insustrial GmbH,Maple 8015,Rotterdam,3011 CE,unknown
CRM-00021,Materials Holdings Sterling BV,Cedar 9305,Rotterdam,3011 CE,unknown
CRM-00022,IRONWOOD BAKERY BV,Harbor 2113,Leiden,,unknown
CRM-00023,Sterling Chemicals GmbH,Makret 7187,Eindhoven,5611 EM,unknown
CRM-00024,Ironwood Pizza Inc.,3760 Ceedar St,Tampa,33602,unknown
CRM-00025,Pinecrest Freight Corporation,3520 Mll Ave,Wichita,67202,unknown
CRM-00026,Pinecrest Freight Corp.,3520 Mill Ave,Wichita,,unknown
CRM-00027,Ashworth Automotive Group BV,River 7759,Munich,80331,unknown
CRM-00028,AMBERFIELD TEXTILES GROUP CORP.,7661 Oak Ln,Spokane,99201,unknown
CRM-00029,Meridian Logistics Group,Main 1800,Munich,80331,unknown
CRM-00030,Cedarbrook Consulting Group Inc,4573 Industrial Parkway Ave,Austin,73301,unknown
CRM-00031,Delacroix Technologies Holdings Company,8866 Maple St,Columbus,43215,unknown
CRM-00032,Kingsley Media Holdings,6580 Oak Ave,Boise,83702,unknown
CRM-00033,Kingsley Media Holdings Company,6580 Oak Ave,Boise,83702,unknown
CRM-00034,Freight Group Granite Corporation,6940 Mikl Ln,Wichita,67202,unknown
CRM-00035,Summit Automotive Group LLC,8711 Linocln St,Reno,89501,unknown
CRM-00036,Redstone Mfg. Inc.,3863 Highland St,Tulsa,74103,unknown
CRM-00037,Foxhollow Logistics Inc.,6878 Prinsengracht Dr,Reno,89501,unknown
CRM-00038,Energy Anchor Co.,5157 Main Rd,Boise,83702,unknown
CRM-00039,Anchor Energy,5157 Main Rd,Boise,83702,unknown
CRM-00040,Meridian Manufacturing BV,Park 8298,Utrecht,3511 LN,unknown
CRM-00041,IRONWOOD MATERIALS GROUP GMBH,Industrial Parkway 2594,Leiden,2311 GJ,unknown
CRM-00042,Greystone Electric,Mill 138,Hamburg,20095,unknown
CRM-00043,Greystone Electric Ltd.,Mill 138,Hamburg,20095,unknown
CRM-00044,Meridian Consulting Group,Mll 1763,Utrecht,3511 LN,unknown
CRM-00045,FOXHOLLOW ENERGY CORPORATION,3345 Bahnhofstrasse Ct,Raleigh,27601,unknown
CRM-00046,Anchor Holdings Landscaping Inc.,6949 Park St,Denver,80202,unknown
CRM-00047,Anchor Landscaping Holdings,6949 Patk St,Denver,80202,unknown
CRM-00048,Harborview Auto Repair Group Incorporated,7249 Mill Ln,Boise,83702,unknown
CRM-00049,Union Holdings Robotics Inc.,5060 Sunsdet Ct,Denver,80202,unknown
CRM-00050,Whitfield Coffee Holdings Bk.V.,Mill 5804,Brussels,,unknown
CRM-00051,Union Holdings Materials BV,Mape 6765,,3511 LN,unknown
CRM-00052,Cobalt Electric Group BV,Lincoln 4381,Rotterdam,3011 CE,unknown
CRM-00053,Bluewater Landscaping Group Inc,3279 Indutsrial Parkway Rd,,27601,unknown
CRM-00054,Eastbrook Materials Holdings BV,Franklin 6538,Hamburg,20095,unknown
CRM-00055,HIGHLAND TEXTILES LTD.,Mill 6558,Antwerp,,unknown
CRM-00056,Falcon Freight Holdings Ltd.,Oak 4359,Rotterdam,3011 CE,unknown
CRM-00057,Lakeside Group Hardware Corp.,9942 Market St,Boise,,unknown
CRM-00058,Crestline Freight Holdings N.V.,Market 37,Leiden,,unknown
CRM-00059,Crestline Textiles Group B.V.,Kerkstraat 5419,Antwerp,2000,unknown
CRM-00060,Falcon Hardware Group Limited,River 5077,Antwerp,,unknown
CRM-00061,Coastal Construction Holdings Inc,6898 Highland Ln,Wichita,67202,unknown
CRM-00062,Greystoen Automotive Group N.V.,Maple 8987,Hamburg,,unknown
CRM-00063,Amberfield Electric LLC,5289 Industrial Parkway Blvd,Madison,53703,unknown
CRM-00064,Wexford Media,Union 1399,Leiden,2311 GJ,unknown
CRM-00065,Greystone Systems Holdings BV,Main 5095,Munich,80331,unknown
CRM-00066,BLUEWATER MATERIALS GROUP LLC,1203 Industrial Parkway Blvd,Spokane,,unknown
CRM-00067,Granite Media Group Inc,2427 Bahnhofstrasvse Ln,Denver,,unknown
CRM-00068,MERIDIAN BAKERY GROUP BV,Market 2891,Eindhoven,5611 EM,unknown
CRM-00069,Pinecrest Holdings Landscaping Corp.,2194 Industrial Parkway Ln,Reno,89501,unknown
CRM-00070,Vantage Hardware Group,4256 Mqain Ct,Spokane,99201,unknown
CRM-00071,Hollowell Media Incorporated,4509 Industrial Parkway St,Wichita,67202,unknown
CRM-00072,Highland Group Systems LLC,1330 Washington Ave,Columbus,43215,unknown
CRM-00073,Unoin Pizza Holdings Inc.,6807 River Rd,Reno,,unknown
CRM-00074,Summit Energy Group,9579 Maple Ct,Tulsa,74103,unknown
CRM-00075,FOXHOLLOW MATERIALS GROUP BV,River 4481,Eindhoven,5611 EM,unknown
CRM-00076,COBALT COFFEE COMPANY,6634 Lincoln Ct,Madison,53703,unknown
CRM-00077,Greystone Construction Holdings NV,Prinsengracht 9707,Amsterdam,1017 AB,unknown
CRM-00078,Amberfield Consulting Group Inc,833 Park Blvd,,33602,unknown
CRM-00079,Amberfield Consulting Group Incorporated,833 Park Blvd,Tampa,33602,unknown
CRM-00080,Systems Ridgeline Group Corporation,6916 Park Ct,Austin,73301,unknown
CRM-00081,Marlow Logistics Group,1134 Bahnhofstrasse St,Denver,80202,unknown
CRM-00082,Crestline Plumbing Holdings Ltd.,Maon 2506,Utrecht,3511 LN,unknown
CRM-00083,Automotive Falcon Holdings Corp.,4208 Sunset Ave,Tulsa,74103,unknown
CRM-00084,Falcon Bakery Holdings GmbH,Prginsengracht 1781,Amsterdam,1017 AB,unknown
CRM-00085,Falcon Bakery Holdings,Prinsengracht 1781,Amsterdam,1017 AB,unknown
CRM-00086,Ashworth Coffee Group,Cedar 3259,Munich,80331,unknown
CRM-00087,Sterling Landscaping LLC,1993 Prinsengracht Ct,Denver,,unknown
CRM-00088,Coffee Group Amberfield Inc.,8299 Bahnhifstrasse Rd,Denver,,unknown
CRM-00089,KINGSLEY TECHNOLOGIES GROUP GMBH,Washingtn 7542,Brussels,1000,unknown
CRM-00090,Brambleton Freight Goup BV,Park 1429,Eindhoven,5611 EM,unknown
CRM-00091,Novara Automotive Company,6219 Farnklin St,Madison,53703,unknown
CRM-00092,Holdings Highland Construction Ltd.,Cedar 3140,Munich,80331,unknown
CRM-00093,Kingsley Construction Holdings N.V.,Industrial Pgarkway 8051,Amsterdam,1017 AB,unknown
CRM-00094,LAKESIDE ROBOTICS LLC,5429 Sunset Ln,Madison,53703,unknown
CRM-00095,Anchor Materials Holdings Co.,3165 Franklin St,Wichita,67202,unknown
CRM-00096,Redstone Enerfy Holdings Co.,7943 Pak Ln,Tulsa,74103,unknown
CRM-00097,Hollowell Software Group BV,Unoin 3190,Munich,80331,unknown
CRM-00098,Hollowell Software Group,Union 3190,Munich,80331,unknown
CRM-00099,STERLING INDUSTRIAL LLC,2083 Park St,Denver,80202,unknown
CRM-00100,Harborview Auto Repair Group,210 Prginsengracht Rd,Madison,53703,unknown
CRM-00101,Ironwood Automotive Co.,888 Washington Ave,Tulsa,74103,unknown
CRM-00102,Silverline Materials Holdings Limited,Kerkstaat 6828,Munich,80331,unknown
CRM-00103,Granite Agriculture Group,River 9652,Hamburg,20095,unknown
CRM-00104,Summit Software Inc.,3414 Bahhnofstrasse Ave,Raleigh,,unknown
CRM-00105,Holdings Materials Vantage Ltd.,Lncoln 1239,Amsterdam,1017 AB,unknown
CRM-00106,Foxhollow Group Media Inc.,3802 Unino Ln,Raleigh,27601,unknown
CRM-00107,Foxhollow Media Group Inc,3802 Union Ln,Raleigh,27601,unknown
CRM-00108,Novara Manufacturing,Bahnhofstrasse 4344,,,unknown
CRM-00109,Marlw Materials Inc,4362 Wbashington St,Denver,80202,unknown
CRM-00110,Sterling Software Company,9335 Union Blvd,Austin,73301,unknown
CRM-00111,Sterling Group Pizza Corporation,8209 Mill Blvd,Madison,53703,unknown
CRM-00112,BLUEWATER ROBOTICS CORPORATION,9901 Park St,Austin,73301,unknown
CRM-00113,Ashworth Automotive Holdings Company,4425 Prinsengracht St,Portland,97201,unknown
CRM-00114,Cedarbrook Freight Holdings,7151 Bahnhofstrasse Ct,Madison,53703,unknown
CRM-00115,Cedarbrook Freight Holdings LLC,7151 Bahnhofstrasse Ct,Madison,53703,unknown
CRM-00116,Thornbury Textiles Group GmbH,Elm 5270,Utrecht,3511 LN,unknown
CRM-00117,Kingsley Analytics Corp.,9022 Oak Blvd,Austin,73301,unknown
CRM-00118,Summit Energy,8177 Bahnhofstrasse Blvd,Denver,80202,unknown
CRM-00119,Delacroix Consulting Group,7951 Elm St,Spokane,99201,unknown
CRM-00120,Pinecrest Pizza Holdings GmbH,Maple 9034,Leiden,2311 GJ,unknown
CRM-00121,Union Chemicals Holdings,8337 Washngton Ct,Austin,73301,unknown
CRM-00122,Westgate Systems Corporation,52 Union Ln,Raleigh,27601,unknown
CRM-00123,Coffee Group Brambleton BV,Mill 7326,Eindhoven,5611 EM,unknown
CRM-00124,Delacroix Bakery Corp.,7470 Frantklin Ct,Columbus,43215,unknown
CRM-00125,Pinecrest Automotive Group B.V.,Oak 6740,Antwerp,2000,unknown
CRM-00126,GRANITE CHEMICALS BV,Oak 8125,,3511 LN,unknown
CRM-00127,Union Robotics Inc,1235 Harbor Ct,Raleigh,27601,unknown
CRM-00128,Kingsley Landscaping B.V.,Main 1131,Hamburg,20095,unknown
CRM-00129,SILVERLINE ROBOTICS HOLDINGS B.V.,Lincoln 7279,Hamburg,20095,unknown
CRM-00130,BLUEWATER SYSTEMS HOLDINGS GMBH,Sunset 5883,Brussels,1000,unknown
CRM-00131,Robotics Hollowell Co.,2960 Lincoln Ave,Austin,73301,unknown
CRM-00132,Granite Software BV,Prisnengracht 8163,Utrecht,3511 LN,unknown
CRM-00133,Ironwood Agriculture Group LLC,4911 Bahnhostrasse Blvd,Wichita,67202,unknown
CRM-00134,Sterling Energy Group,7926 Elm Ave,Boise,83702,unknown
CRM-00135,Ashworth Analytics,369 Heighland Rd,Denver,80202,unknown
CRM-00136,Summit Software Corp.,4699 Main Dr,Tampa,33602,unknown
CRM-00137,Group Software Crestline Co.,2250 Bahnhofstrasse St,Spokane,99201,unknown
CRM-00138,Sterling Electric Group,Sunset 9505,Utrecht,3511 LN,unknown
CRM-00139,Coastal Systems Corp.,2887 Church Ave,Reno,89501,unknown
CRM-00140,Fairmont Pharma,Park 2705,Eindhoven,5611 EM,unknown
CRM-00141,Acme Freight BV,Sunet 7461,Hamburg,20095,unknown
CRM-00142,Fairmont Technologies,7734 Maple Dr,Reno,89501,unknown
CRM-00143,Greystone Materials,7616 Union Ln,Boise,83702,unknown
CRM-00144,Bluewater Logistics Goup Corp.,1912 Elm Ave,Reno,89501,unknown
CRM-00145,WESTGATE AUTO REPAIR HOLDINGS N.V.,Park 6696,Amsterdam,1017 AB,unknown
CRM-00146,Group Lakeside Logistics Corporation,3119 Elm Ct,Madison,53703,unknown
CRM-00147,WHITFIELD AUTO REPAIR LLC,359 Oak Ct,Tampa,33602,unknown
CRM-00148,Harborview Eslectric Inc,1134 Moll Ave,Tulsa,,unknown
CRM-00149,Eastbrook Systems Holdings Company,9774 Maple Rd,Portland,97201,unknown
CRM-00150,Marlow Freight Holdings B.V.,Washington 432,Amsterdam,1017 AB,unknown
CRM-00151,Pinecrest Automotive Groyp Inc.,2864 Park St,Portland,97201,unknown
CRM-00152,Hollowell Tech. B.V.,Industrial Parkway 7812,Antwerp,2000,unknown
CRM-00153,Meridian Agriculture Inc,720 Makret Rd,Madison,53703,unknown
CRM-00154,Notrhgate Logistics Group N.V.,Elm 6994,Eindhoven,5611 EM,unknown
CRM-00155,Holdings Cedarbrook Manufacturing GmbH,Washingtton 9976,Rotterdam,3011 CE,unknown
CRM-00156,Greystone Auto Repair LLC,5337 Highland Dr,Reno,89501,unknown
CRM-00157,Wexford Software Group,1884 Bahnhofstrasse Ln,Reno,89501,unknown
CRM-00158,Whitfield Robotics Group BV,Franklin 6789,Eindhoven,5611 EM,unknown
CRM-00159,Meridian Systems Group Corporation,4186 Sunset Ave,Spokane,99201,unknown
CRM-00160,Ironwood Manufacturing Holdings B.V.,Elm 7085,Antwerp,2000,unknown
CRM-00161,Delacroix Logistics,Franklun 9212,Rotterdam,3011 CE,unknown
CRM-00162,Amberfield Landscaping Inc.,4722 Kerkstraat Rd,Tampa,33602,unknown
CRM-00163,Wexford Energy Holdings,7910 Mani Ct,Austin,,unknown
CRM-00164,Delacroix Textiles Holdings Company,4574 Prinsengracht Ave,Boise,,unknown
CRM-00165,Greystone Software Ltd.,Kerkstraat 440,,20095,unknown
CRM-00166,Hughland Pizza Group Corporation,5761 Mapel Ave,Portland,97201,unknown
CRM-00167,Brookhaven Mfg. Holdings Co.,512 Cendar Ln,Reno,,unknown
CRM-00168,Brookhaven Manufacturing Holdings Co.,512 Cedar Ln,Reno,89501,unknown
CRM-00169,Holdings Software Ashworth B.V.,Lincoln 2559,Amsterdam,,unknown
CRM-00170,WHITFIELD BAKERY INC.,5665 River St,Raleigh,27601,unknown
CRM-00171,Media Brambleton GmbH,Main 754,Brussels,1000,unknown
CRM-00172,Falcon Industrial Group,7065 Lincoln Ave,Boise,83702,unknown
CRM-00173,Eastbrook Pharma Company,5812 Cedar Blvd,Wichita,67202,unknown
CRM-00174,Northgate Agriculture Holdings Company,5139 Prinsengracht Blvd,Tulsa,74103,unknown
CRM-00175,Westgate Analytics Holdimgs Corp.,351 Franklin Ave,Tulsa,74103,unknown
CRM-00176,Fairmont Mfg. Group Company,1744 Main Blvd,Tulsa,74103,unknown
CRM-00177,SILVERLINE CHEMICALS GROUP CO.,5572 Main Rd,Portland,97201,unknown
CRM-00178,Falcon Pharma,5734 Suset Ln,,99201,unknown
CRM-00179,Pinecrest Technologies Holdings GmbH,Linocln 3242,Utrecht,3511 LN,unknown
CRM-00180,Ironwood Foods NV,Prinsengracht 7611,Eindhoven,5611 EM,unknown
CRM-00181,Ashworth Auto Repair,Bahnhofstrasse 5305,Antwerp,2000,unknown
CRM-00182,Ironwood Media Group,4971 Park Dr,Denver,80202,unknown
CRM-00183,Ironwood Media Group,4971 Park Dr,Denver,80202,unknown
CRM-00184,Ironwood Analytics Group,626 Oak Rd,,27601,unknown
CRM-00185,SILVERLINE SOFTWARE LLC,6309 Industrial Parkway Dr,Reno,89501,unknown
CRM-00186,Summit Agriculture Holdings,5636 Cedr Dr,Spokane,99201,unknown
CRM-00187,Pinecrest Pizza Group Corporation,8596 Market Dr,Portland,97201,unknown
CRM-00188,Coastal Chemicals Group,5553 Kerkstraat St,Spokane,99201,unknown
CRM-00189,Ironwood Systems Holdings Limited,Unoin 6343,Hamburg,20095,unknown
CRM-00190,Foxhollow Landscaping Holdings GmbH,Prinsengracht 1345,Utrecht,3511 LN,unknown
CRM-00191,Wexford Textiles Holdings GmbH,Lincdoln 5070,Munich,80331,unknown
CRM-00192,Kingsley Energy Holdings,2548 Cedar Rd,Austin,73301,unknown
CRM-00193,Marlow Plumbing LLC,628 Franklin Ct,Tulsa,74103,unknown
CRM-00194,Granite Consulting Holdings,2722 Industrial Parkway St,Boise,83702,unknown
CRM-00195,Pinecrest Agriculture Corporation,7365 Main Dr,Columbus,43215,unknown
CRM-00196,Pinecrest Agriculture Corporation,7365 Main Dr,,43215,unknown
CRM-00197,Thornbury Plumbing Holdings,9355 Industrial Parkway Blvd,Raleigh,27601,unknown
CRM-00198,Wexford Pharma Group,Kerkstraat 3281,,3511 LN,unknown
CRM-00199,Summit Auto Repair Group GmbH,Elm 9095,Leiden,2311 GJ,unknown
CRM-00200,Coastal Manufacturing Holdings GmbH,Markzet 7371,Utrecht,3511 LN,unknown
CRM-00201,Silverline Materials Group GmbH,Rniver 446,Amsterdam,1017 AB,unknown
CRM-00202,Fairmont Materials Group Inc,6152 Main St,Tampa,33602,unknown
CRM-00203,Electric Holdings Cobalt BV,Unnion 637,Eindhoven,5611 EM,unknown
CRM-00204,Harborview Bakery NV,Kerukstraat 7359,Amsterdam,1017 AB,unknown
CRM-00205,NORTHGATE FREIGHT HOLDINGS BV,Kerkstraat 9001,Leiden,2311 GJ,unknown
CRM-00206,Coastal Materials Group Inc,792 Masin Blvd,Spokane,99201,unknown
CRM-00207,Coastal Materials Group Inc,792 Main Blvd,Spokane,99201,unknown
CRM-00208,Novra Manufacturing Holdings N.V.,Mill 9786,Amsterdam,1017 AB,unknown
CRM-00209,ASHWORTH MATERIALS BV,River 4782,Amsterdam,1017 AB,unknown
CRM-00210,PINECREST AUTOMOTIVE GROUP BV,Market 1412,Antwerp,2000,unknown
CRM-00211,Hollowell Construction Compny,8326 Mill St,Boise,83702,unknown
CRM-00212,HOLLOWELL CONSTRUCTION COMPANY,8326 Mill St,Boise,83702,unknown
CRM-00213,Bluewater Auto Repair Group,Maple 4165,Antwerp,2000,unknown
CRM-00214,Lakeside Materials,Franklin 9543,Utrecht,3511 LN,unknown
CRM-00215,Lakeside Materials BV,Franklin 9543,Utrecht,3511 LN,unknown
CRM-00216,Marlow Systems Incorporated,7622 Harbor Ln,Portland,97201,unknown
CRM-00217,Ironwood Pizza Group Bd.V.,Church 4817,Amsterdam,,unknown
CRM-00218,Bluewater Systems Group Ltd.,Mill 6534,Eindhoven,5611 EM,unknown
CRM-00219,CRESTLINE ANALYTICS GROUP COMPANY,793 Bahnhofstrasse Rd,Raleigh,27601,unknown
CRM-00220,Fairmont Robotics Group,7214 Highland Rd,Portland,97201,unknown
CRM-00221,Textiles Kingsley Corporation,1363 River St,Boise,83702,unknown
CRM-00222,Redstone Construction Group GmbH,Chedar 1690,Antwerp,2000,unknown
CRM-00223,Redstone Construction Group GmbH,Cedar 1690,Antwerp,2000,unknown
CRM-00224,STERLING AGRICULTURE N.V.,Industrial Parkway 2740,Antwerp,2000,unknown
CRM-00225,Lakeside Software Group Corporation,949 Cedar Ln,Spokane,99201,unknown
CRM-00226,Wexford Electroc Co.,2631 Maple Ave,Tulsa,74103,unknown
CRM-00227,Ashworth Logistics,7381 Snset Rd,Madison,53703,unknown
CRM-00228,Ashworth Logistics,7381 Sunset Rd,Madison,53703,unknown
CRM-00229,Ashworth Consulting GmbH,Franklin 6531,Hamburg,20095,unknown
CRM-00230,Falcon Industrial Inc,8186 Market Blvd,Reno,89501,unknown
CRM-00231,ANCHOR PIZZA GROUP INC,4688 Harbor Ave,Austin,73301,unknown
CRM-00232,Ironwood Agriculture Holdings,7302 Crdar Ct,Spokane,99201,unknown
CRM-00233,Group Coffee Ridgeline B.V.,Mill 9021,Hamburg,20095,unknown
CRM-00234,Vantage Pizza BV,Market 5932,Munich,80331,unknown
CRM-00235,Vantage Pizza B.V.,Market 5932,Munich,80331,unknown
CRM-00236,Pharma Group Thornbury N.V.,Ceydar 9429,Utrecht,3511 LN,unknown
CRM-00237,Group Agriculture Ironwood Ltd.,Washington 5654,Leiden,2311 GJ,unknown
CRM-00238,Redstone Bakery Holdings,Oak 8248,Rotterdam,3011 CE,unknown
CRM-00239,Sterling Fojods Holdings Corporation,3704 Sunset Dr,Raleigh,27601,unknown
CRM-00240,Anchor Energy Ltd.,Washyington 4506,Hamburg,20095,unknown
CRM-00241,Silverline Phrma BV,Prinsengracht 9706,Utrecht,3511 LN,unknown
CRM-00242,Greystone Hardware,9244 Oak Ct,Denver,80202,unknown
CRM-00243,Freight Ashworth Inc,9383 River Dr,,,unknown
CRM-00244,Marlow Analytics Corporation,7922 Main Ct,Spokane,99201,unknown
CRM-00245,Novara Manufacturing Iunc.,2599 Industrial Parkway Blvd,Madison,53703,unknown
CRM-00246,Cobalt Software Holdings Corporation,5241 Sinset Blvd,,97201,unknown
CRM-00247,Pinecrest Consulting Holdings Inc.,4764 Hoghland Ct,Tulsa,,unknown
CRM-00248,Vantage Plumbning Group LLC,5133 Church Ct,Portland,97201,unknown
CRM-00249,Wexford Agriculture Group Corporation,8158 Malpe St,Boise,83702,unknown
CRM-00250,Pinecrest Energy Corporation,807 Oak Rd,Madison,53703,unknown
CRM-00251,Thornbury Analytics Inc.,1771 River Ave,Raleigh,27601,unknown
CRM-00252,Brookhaven Textiles Holdings,Prinsengracht 848,Leiden,2311 GJ,unknown
CRM-00253,Delacroix Analytics Holdings,8271 Industrial Parkway Ct,Reno,89501,unknown
CRM-00254,Greystone Coffee,2118 Elm Blvd,Tampa,33602,unknown
CRM-00255,Cobalt Construction Group BV,Kerkstraat 3271,Leiden,2311 GJ,unknown
CRM-00256,Wexford Consulting Group LLC,5228 Lincoln Blvd,Tulsa,74103,unknown
CRM-00257,STERLING AUTOMOTIVE GROUP LTD.,Moll 8361,Eindhoven,5611 EM,unknown
CRM-00258,Sterling Media Holdings,Elm 5437,Brussels,1000,unknown
CRM-00259,Sterling Media Holdings GmbH,Elm 5437,Brussels,1000,unknown
CRM-00260,NORTHGATE SOFTWARE GROUP CORPORATION,9487 Prinsengracht Ave,Wichita,67202,unknown
CRM-00261,Thornbury Foods Co.,6239 Washington Ct,Spokane,99201,unknown
CRM-00262,Ashworth Pizza Holdins Inc,320 Industrial Parkway Rd,Boise,83702,unknown
CRM-00263,Robotics Whitfield Company,7736 Oak Ln,Portland,97201,unknown
CRM-00264,Kingsley Systems Group GmbH,Prak 9193,Hamburg,20095,unknown
CRM-00265,Silverline Textiles Group Co.,4211 Harbor Ave,Columbus,43215,unknown
CRM-00266,Highland Construction GmbH,Elm 2259,Munich,80331,unknown
CRM-00267,Hollowell Materials Incorporated,870 Elm Blvd,Tampa,33602,unknown
CRM-00268,Meridian Coffee Holdings BV,Lincoln 9026,Brussels,1000,unknown
CRM-00269,Thornbury Media BV,Franklin 4716,Hamburg,20095,unknown
CRM-00270,Thprnbury Media BV,Franklin 4716,Hamburg,20095,unknown
CRM-00271,SILVERLINE AUTO REPAIR BV,Oak 8777,Utrecht,3511 LN,unknown
CRM-00272,Redstone Logistics Group Company,8126 Lincoln Ln,Raleigh,,unknown
CRM-00273,Acme Analytics,Frabklin 1768,Hamburg,20095,unknown
CRM-00274,Cobalt Foods N.V.,Lincoln 4225,Amsterdam,1017 AB,unknown
CRM-00275,Automotive Coastal BV,Kerkstraat 2885,Brussels,1000,unknown
CRM-00276,WEXFORD SYSTEMS HOLDINGS N.V.,Lincoln 1572,Utrecht,3511 LN,unknown
CRM-00277,Sterling Automotive Ltf.,Park 197,Antwerp,2000,unknown
CRM-00278,Summit Coffee Holdings,Lrincoln 5036,Brussels,1000,unknown
CRM-00279,Sterling Pizza Holdings GmbH,Kerkstraat 6031,Munich,80331,unknown
CRM-00280,Holdings Pizza Sterling GmbH,Kerkstraat 6031,Munich,80331,unknown
CRM-00281,Hatborview Media Holdings Corp.,9934 Sunset Blvd,Wichita,67202,unknown
CRM-00282,Bakery Thornbury Company,3588 Main Ln,Tulsa,74103,unknown
CRM-00283,Silverline Pharma Group Ltd.,Cedar 5937,Rotterdam,3011 CE,unknown
CRM-00284,Holdings Delacroix Pharma LLC,8802 Washington Ave,Tampa,33602,unknown
CRM-00285,Cedarbrook Technologies BV,Harbor 9564,Rotterdam,3011 CE,unknown
CRM-00286,Cedarbrook Electric Holdings N.V.,Mraket 2171,Brussels,1000,unknown
CRM-00287,Summit Construction Group,5059 Mapole Blvd,Raleigh,27601,unknown
CRM-00288,Holdings Automotive Whitfield B.V.,Sunset 6951,Rotterdam,3011 CE,unknown
CRM-00289,Summit Manufacturing Group,4713 Rimver Ave,Portland,97201,unknown
CRM-00290,Westgate Textiles Gropu N.V.,Highland 6194,Rotterdam,3011 CE,unknown
CRM-00291,Group Westgate Textiles N.V.,Highland 6194,Rotterdam,3011 CE,unknown
CRM-00292,Marlow Consulting GmbH,Lincoln 1953,Leiden,2311 GJ,unknown
CRM-00293,Brookhaven Bakery,4065 Industrial Parkway Rd,Portland,97201,unknown
CRM-00294,Brookhaven Bakery,3386 Cdar St,Columbus,43215,unknown
CRM-00295,Foxhollow Auto Repair LLC,3891 Unoon Ave,Tulsa,74103,unknown
CRM-00296,HOLLOWELL COFFEE LLC,6254 Market Rd,Boise,83702,unknown
CRM-00297,Hollowell Coffee,3702 Union Ct,Raleigh,27601,unknown
CRM-00298,Union Hardware L.L.C.,1305 Inustrial Parkway Ct,Denver,80202,unknown
CRM-00299,Union Hardware Inc.,657 Ceydar Ave,Reno,89501,unknown
CRM-00300,Brambleton Bakery,9912 Church Blvd,Columbus,43215,unknown
CRM-00301,Brambleton Bakery LLC,4295 Sunsset Dr,Madison,53703,unknown
CRM-00302,Kingsley Hardware,2400 Maole Rd,Austin,73301,unknown
CRM-00303,Kingsley Hardware,6233 Prinsengracht Ct,Madison,53703,unknown
CRM-00304,Pinecrest Hardware,2303 Mill Blvd,Reno,89501,unknown
CRM-00305,Pinecrest Hardware,114 River Ave,Spokane,99201,unknown
CRM-00306,Eastbrook Auto Repair,9048 River St,Wichita,67202,unknown
CRM-00307,Eastbrook Auto Repair,1588 Market Ave,Portland,97201,unknown
CRM-00308,Pinecrest Coffee,3710 Union Ln,Tulsa,74103,unknown
CRM-00309,Pinecrest Coffee LLC,9065 Harvor St,Reno,89501,unknown
CRM-00310,Acme Coffee Inc.,9296 Habror Rd,Austin,73301,unknown
CRM-00311,Acem Coffee,3404 Prinsengracht Ave,Madison,53703,unknown
CRM-00312,Brookhaven Auto Repair,1294 Market Ln,Raleigh,27601,unknown
CRM-00313,Brookhaven Auto Repair L.L.C.,495 Bahnhofstrasse Rd,Portland,97201,unknown
CRM-00314,Cedarbrook Hardware LLC,4047 Cedwar St,Columbus,43215,unknown
CRM-00315,Fairmont Pizza,9177 Main Dr,Portland,97201,unknown
CRM-00316,Holkowell Coffee LLC,6909 Union Blvd,Spokane,99201,unknown
CRM-00317,Hollowell Coffee,1762 Washington Rd,Boise,83702,unknown
CRM-00318,Acme Hardware LLC,6171 Park Ct,Tulsa,74103,unknown
CRM-00319,Brookhaven Pizza Inc.,3444 Inodustrial Parkway Ct,Austin,73301,unknown
CRM-00320,Amberfield Hardware Inc,6557 Franklon Ct,Madison,53703,unknown
CRM-00321,Amberfield Auto Repair,6418 Industrial Parkway Ct,Denver,80202,unknown
CRM-00322,Amberfield Auto Rrpair LLC,1416 Elm Ct,Austin,73301,unknown
CRM-00323,Union Pizza Inc.,2868 Mipll Ave,Tampa,,unknown
CRM-00324,Cobalt Bakery Inc,3242 Industrial Parkway Dr,Boise,83702,unknown
CRM-00325,Cobalt Bakery,3073 Sunset Rd,Madison,53703,unknown
CRM-00326,CRESTLINE HARDWARE INC.,1881 Sunset Rd,Austin,73301,unknown
CRM-00327,Crestline Hardware LLC,1941 Main Rd,Raleigh,27601,unknown
